<?xml version="1.0" encoding="utf-8"?>
<install version="1.7" method="upgrade" client="site"  type="language">
	<name>Komponente Phoca Download Deutsch</name>
	<tag>de-DE</tag>
	<version>2.1.5</version>
	<creationDate>08.02.2012</creationDate>
	<author>JOO!MWEB Webservice Olaf Dryja</author>
	<authorEmail>info@joomweb.de</authorEmail>
	<authorUrl>https://joomweb.de</authorUrl>
	<copyright>Copyright (C) 2010-2012 - JOOM!WEB Webservice Olaf Dryja. Alle Rechte vorbehalten.</copyright>
	<license>http://www.gnu.org/licenses/gpl-2.0.html GNU/GPL</license>
	<description><p><strong>Sprachdatei für die Komponente/Version:</strong> Phoca Download 2.1.5(de-DE.com_phocadownload)<br />
	    <strong>Sprache:</strong> Deutsch (formell)<br />
	    <strong>Bereich:</strong>Benutzerbereich (Frontend)<br />
	    <strong>Autor:</strong> JOOM!WEB - Webservice Olaf Dryja <a target="_blank" href="https://joomweb.de">joomweb.de</a> für <a target="_blank" href="http://phoca.cz">Phoca.CZ</a>.<br />
	    <strong>Übersetzungsversion:</strong> 2.1.5_1 <br />
	    <strong><font style="color:#008000;">Bitte überprüfen Sie regelmäßig unsere Projektseite. Dort erfahren Sie, ob Änderungen oder neue Versionen zu dieser Übersetzung verfügbar sind.</font></strong>
        </p></description>

		<files folder="language">
			<filename>de-DE.com_phocadownload.ini</filename>
			<filename>de-DE.com_phocadownload.sys.ini</filename>
		</files>
</install>